time,strain
0.0,0.0
1.0,0.7869386805747332
2.0,1.2642411176571153
3.0,1.5537396797031404
4.0,1.7293294335267746
5.0,1.8358300027522023
